<?xml version="1.0" encoding="UTF-8"?>
<spirit:component xmlns:xilinx="http://www.xilinx.com" xmlns:spirit="http://www.spiritconsortium.org/XMLSchema/SPIRIT/1685-2009" xmlns:xsi="http://www.w3.org/2001/XMLSchema-instance">
  <spirit:vendor>User_Company</spirit:vendor>
  <spirit:library>SysGen</spirit:library>
  <spirit:name>blast_module_v6_cordic_ddc</spirit:name>
  <spirit:version>1.0</spirit:version>
  <spirit:busInterfaces>
    <spirit:busInterface>
      <spirit:name>clk</spirit:name>
      <spirit:busType spirit:vendor="xilinx.com" spirit:library="signal" spirit:name="clock" spirit:version="1.0"/>
      <spirit:abstractionType spirit:vendor="xilinx.com" spirit:library="signal" spirit:name="clock_rtl" spirit:version="1.0"/>
      <spirit:slave/>
      <spirit:portMaps>
        <spirit:portMap>
          <spirit:logicalPort>
            <spirit:name>CLK</spirit:name>
          </spirit:logicalPort>
          <spirit:physicalPort>
            <spirit:name>clk</spirit:name>
          </spirit:physicalPort>
        </spirit:portMap>
      </spirit:portMaps>
      <spirit:parameters>
        <spirit:parameter>
          <spirit:name>ASSOCIATED_BUSIF</spirit:name>
          <spirit:value spirit:id="BUSIFPARAM_VALUE.CLK.ASSOCIATED_BUSIF">accum_reset</spirit:value>
        </spirit:parameter>
      </spirit:parameters>
    </spirit:busInterface>
    <spirit:busInterface>
      <spirit:name>accum_reset</spirit:name>
      <spirit:busType spirit:vendor="xilinx.com" spirit:library="signal" spirit:name="reset" spirit:version="1.0"/>
      <spirit:abstractionType spirit:vendor="xilinx.com" spirit:library="signal" spirit:name="reset_rtl" spirit:version="1.0"/>
      <spirit:slave/>
      <spirit:portMaps>
        <spirit:portMap>
          <spirit:logicalPort>
            <spirit:name>RST</spirit:name>
          </spirit:logicalPort>
          <spirit:physicalPort>
            <spirit:name>accum_reset</spirit:name>
          </spirit:physicalPort>
        </spirit:portMap>
      </spirit:portMaps>
    </spirit:busInterface>
    <spirit:busInterface>
      <spirit:name>accum_len</spirit:name>
      <spirit:busType spirit:vendor="xilinx.com" spirit:library="signal" spirit:name="data" spirit:version="1.0"/>
      <spirit:abstractionType spirit:vendor="xilinx.com" spirit:library="signal" spirit:name="data_rtl" spirit:version="1.0"/>
      <spirit:slave/>
      <spirit:portMaps>
        <spirit:portMap>
          <spirit:logicalPort>
            <spirit:name>DATA</spirit:name>
          </spirit:logicalPort>
          <spirit:physicalPort>
            <spirit:name>accum_len</spirit:name>
          </spirit:physicalPort>
        </spirit:portMap>
      </spirit:portMaps>
      <spirit:parameters>
        <spirit:parameter>
          <spirit:name>LAYERED_METADATA</spirit:name>
          <spirit:value spirit:id="BUSIFPARAM_VALUE.ACCUM_LEN.LAYERED_METADATA">xilinx.com:interface:datatypes:1.0 {DATA {datatype {name {attribs {resolve_type immediate dependency {} format string minimum {} maximum {}} value {}} bitwidth {attribs {resolve_type immediate dependency {} format long minimum {} maximum {}} value 24} bitoffset {attribs {resolve_type immediate dependency {} format long minimum {} maximum {}} value 0} real {fixed {fractwidth {attribs {resolve_type immediate dependency {} format long minimum {} maximum {}} value 0} signed {attribs {resolve_type im
mediate dependency {} format bool minimum {} maximum {}} value false}}}}}}</spirit:value>
        </spirit:parameter>
      </spirit:parameters>
    </spirit:busInterface>
    <spirit:busInterface>
      <spirit:name>adc_i0</spirit:name>
      <spirit:busType spirit:vendor="xilinx.com" spirit:library="signal" spirit:name="data" spirit:version="1.0"/>
      <spirit:abstractionType spirit:vendor="xilinx.com" spirit:library="signal" spirit:name="data_rtl" spirit:version="1.0"/>
      <spirit:slave/>
      <spirit:portMaps>
        <spirit:portMap>
          <spirit:logicalPort>
            <spirit:name>DATA</spirit:name>
          </spirit:logicalPort>
          <spirit:physicalPort>
            <spirit:name>adc_i0</spirit:name>
          </spirit:physicalPort>
        </spirit:portMap>
      </spirit:portMaps>
      <spirit:parameters>
        <spirit:parameter>
          <spirit:name>LAYERED_METADATA</spirit:name>
          <spirit:value spirit:id="BUSIFPARAM_VALUE.ADC_I0.LAYERED_METADATA">xilinx.com:interface:datatypes:1.0 {DATA {datatype {name {attribs {resolve_type immediate dependency {} format string minimum {} maximum {}} value {}} bitwidth {attribs {resolve_type immediate dependency {} format long minimum {} maximum {}} value 16} bitoffset {attribs {resolve_type immediate dependency {} format long minimum {} maximum {}} value 0} real {fixed {fractwidth {attribs {resolve_type immediate dependency {} format long minimum {} maximum {}} value 0} signed {attribs {resolve_type im
mediate dependency {} format bool minimum {} maximum {}} value false}}}}}}</spirit:value>
        </spirit:parameter>
      </spirit:parameters>
    </spirit:busInterface>
    <spirit:busInterface>
      <spirit:name>adc_i1</spirit:name>
      <spirit:busType spirit:vendor="xilinx.com" spirit:library="signal" spirit:name="data" spirit:version="1.0"/>
      <spirit:abstractionType spirit:vendor="xilinx.com" spirit:library="signal" spirit:name="data_rtl" spirit:version="1.0"/>
      <spirit:slave/>
      <spirit:portMaps>
        <spirit:portMap>
          <spirit:logicalPort>
            <spirit:name>DATA</spirit:name>
          </spirit:logicalPort>
          <spirit:physicalPort>
            <spirit:name>adc_i1</spirit:name>
          </spirit:physicalPort>
        </spirit:portMap>
      </spirit:portMaps>
      <spirit:parameters>
        <spirit:parameter>
          <spirit:name>LAYERED_METADATA</spirit:name>
          <spirit:value spirit:id="BUSIFPARAM_VALUE.ADC_I1.LAYERED_METADATA">xilinx.com:interface:datatypes:1.0 {DATA {datatype {name {attribs {resolve_type immediate dependency {} format string minimum {} maximum {}} value {}} bitwidth {attribs {resolve_type immediate dependency {} format long minimum {} maximum {}} value 16} bitoffset {attribs {resolve_type immediate dependency {} format long minimum {} maximum {}} value 0} real {fixed {fractwidth {attribs {resolve_type immediate dependency {} format long minimum {} maximum {}} value 0} signed {attribs {resolve_type im
mediate dependency {} format bool minimum {} maximum {}} value false}}}}}}</spirit:value>
        </spirit:parameter>
      </spirit:parameters>
    </spirit:busInterface>
    <spirit:busInterface>
      <spirit:name>adc_q0</spirit:name>
      <spirit:busType spirit:vendor="xilinx.com" spirit:library="signal" spirit:name="data" spirit:version="1.0"/>
      <spirit:abstractionType spirit:vendor="xilinx.com" spirit:library="signal" spirit:name="data_rtl" spirit:version="1.0"/>
      <spirit:slave/>
      <spirit:portMaps>
        <spirit:portMap>
          <spirit:logicalPort>
            <spirit:name>DATA</spirit:name>
          </spirit:logicalPort>
          <spirit:physicalPort>
            <spirit:name>adc_q0</spirit:name>
          </spirit:physicalPort>
        </spirit:portMap>
      </spirit:portMaps>
      <spirit:parameters>
        <spirit:parameter>
          <spirit:name>LAYERED_METADATA</spirit:name>
          <spirit:value spirit:id="BUSIFPARAM_VALUE.ADC_Q0.LAYERED_METADATA">xilinx.com:interface:datatypes:1.0 {DATA {datatype {name {attribs {resolve_type immediate dependency {} format string minimum {} maximum {}} value {}} bitwidth {attribs {resolve_type immediate dependency {} format long minimum {} maximum {}} value 16} bitoffset {attribs {resolve_type immediate dependency {} format long minimum {} maximum {}} value 0} real {fixed {fractwidth {attribs {resolve_type immediate dependency {} format long minimum {} maximum {}} value 0} signed {attribs {resolve_type im
mediate dependency {} format bool minimum {} maximum {}} value false}}}}}}</spirit:value>
        </spirit:parameter>
      </spirit:parameters>
    </spirit:busInterface>
    <spirit:busInterface>
      <spirit:name>adc_q1</spirit:name>
      <spirit:busType spirit:vendor="xilinx.com" spirit:library="signal" spirit:name="data" spirit:version="1.0"/>
      <spirit:abstractionType spirit:vendor="xilinx.com" spirit:library="signal" spirit:name="data_rtl" spirit:version="1.0"/>
      <spirit:slave/>
      <spirit:portMaps>
        <spirit:portMap>
          <spirit:logicalPort>
            <spirit:name>DATA</spirit:name>
          </spirit:logicalPort>
          <spirit:physicalPort>
            <spirit:name>adc_q1</spirit:name>
          </spirit:physicalPort>
        </spirit:portMap>
      </spirit:portMaps>
      <spirit:parameters>
        <spirit:parameter>
          <spirit:name>LAYERED_METADATA</spirit:name>
          <spirit:value spirit:id="BUSIFPARAM_VALUE.ADC_Q1.LAYERED_METADATA">xilinx.com:interface:datatypes:1.0 {DATA {datatype {name {attribs {resolve_type immediate dependency {} format string minimum {} maximum {}} value {}} bitwidth {attribs {resolve_type immediate dependency {} format long minimum {} maximum {}} value 16} bitoffset {attribs {resolve_type immediate dependency {} format long minimum {} maximum {}} value 0} real {fixed {fractwidth {attribs {resolve_type immediate dependency {} format long minimum {} maximum {}} value 0} signed {attribs {resolve_type im
mediate dependency {} format bool minimum {} maximum {}} value false}}}}}}</spirit:value>
        </spirit:parameter>
      </spirit:parameters>
    </spirit:busInterface>
    <spirit:busInterface>
      <spirit:name>bin_num</spirit:name>
      <spirit:busType spirit:vendor="xilinx.com" spirit:library="signal" spirit:name="data" spirit:version="1.0"/>
      <spirit:abstractionType spirit:vendor="xilinx.com" spirit:library="signal" spirit:name="data_rtl" spirit:version="1.0"/>
      <spirit:slave/>
      <spirit:portMaps>
        <spirit:portMap>
          <spirit:logicalPort>
            <spirit:name>DATA</spirit:name>
          </spirit:logicalPort>
          <spirit:physicalPort>
            <spirit:name>bin_num</spirit:name>
          </spirit:physicalPort>
        </spirit:portMap>
      </spirit:portMaps>
      <spirit:parameters>
        <spirit:parameter>
          <spirit:name>LAYERED_METADATA</spirit:name>
          <spirit:value spirit:id="BUSIFPARAM_VALUE.BIN_NUM.LAYERED_METADATA">xilinx.com:interface:datatypes:1.0 {DATA {datatype {name {attribs {resolve_type immediate dependency {} format string minimum {} maximum {}} value {}} bitwidth {attribs {resolve_type immediate dependency {} format long minimum {} maximum {}} value 10} bitoffset {attribs {resolve_type immediate dependency {} format long minimum {} maximum {}} value 0} real {fixed {fractwidth {attribs {resolve_type immediate dependency {} format long minimum {} maximum {}} value 0} signed {attribs {resolve_type im
mediate dependency {} format bool minimum {} maximum {}} value false}}}}}}</spirit:value>
        </spirit:parameter>
      </spirit:parameters>
    </spirit:busInterface>
    <spirit:busInterface>
      <spirit:name>dds_shift</spirit:name>
      <spirit:busType spirit:vendor="xilinx.com" spirit:library="signal" spirit:name="data" spirit:version="1.0"/>
      <spirit:abstractionType spirit:vendor="xilinx.com" spirit:library="signal" spirit:name="data_rtl" spirit:version="1.0"/>
      <spirit:slave/>
      <spirit:portMaps>
        <spirit:portMap>
          <spirit:logicalPort>
            <spirit:name>DATA</spirit:name>
          </spirit:logicalPort>
          <spirit:physicalPort>
            <spirit:name>dds_shift</spirit:name>
          </spirit:physicalPort>
        </spirit:portMap>
      </spirit:portMaps>
      <spirit:parameters>
        <spirit:parameter>
          <spirit:name>LAYERED_METADATA</spirit:name>
          <spirit:value spirit:id="BUSIFPARAM_VALUE.DDS_SHIFT.LAYERED_METADATA">xilinx.com:interface:datatypes:1.0 {DATA {datatype {name {attribs {resolve_type immediate dependency {} format string minimum {} maximum {}} value {}} bitwidth {attribs {resolve_type immediate dependency {} format long minimum {} maximum {}} value 9} bitoffset {attribs {resolve_type immediate dependency {} format long minimum {} maximum {}} value 0} real {fixed {fractwidth {attribs {resolve_type immediate dependency {} format long minimum {} maximum {}} value 0} signed {attribs {resolve_type imm
ediate dependency {} format bool minimum {} maximum {}} value false}}}}}}</spirit:value>
        </spirit:parameter>
      </spirit:parameters>
    </spirit:busInterface>
    <spirit:busInterface>
      <spirit:name>dphi_even</spirit:name>
      <spirit:busType spirit:vendor="xilinx.com" spirit:library="signal" spirit:name="data" spirit:version="1.0"/>
      <spirit:abstractionType spirit:vendor="xilinx.com" spirit:library="signal" spirit:name="data_rtl" spirit:version="1.0"/>
      <spirit:slave/>
      <spirit:portMaps>
        <spirit:portMap>
          <spirit:logicalPort>
            <spirit:name>DATA</spirit:name>
          </spirit:logicalPort>
          <spirit:physicalPort>
            <spirit:name>dphi_even</spirit:name>
          </spirit:physicalPort>
        </spirit:portMap>
      </spirit:portMaps>
      <spirit:parameters>
        <spirit:parameter>
          <spirit:name>LAYERED_METADATA</spirit:name>
          <spirit:value spirit:id="BUSIFPARAM_VALUE.DPHI_EVEN.LAYERED_METADATA">xilinx.com:interface:datatypes:1.0 {DATA {datatype {name {attribs {resolve_type immediate dependency {} format string minimum {} maximum {}} value {}} bitwidth {attribs {resolve_type immediate dependency {} format long minimum {} maximum {}} value 16} bitoffset {attribs {resolve_type immediate dependency {} format long minimum {} maximum {}} value 0} real {fixed {fractwidth {attribs {resolve_type immediate dependency {} format long minimum {} maximum {}} value 0} signed {attribs {resolve_type im
mediate dependency {} format bool minimum {} maximum {}} value false}}}}}}</spirit:value>
        </spirit:parameter>
      </spirit:parameters>
    </spirit:busInterface>
    <spirit:busInterface>
      <spirit:name>dphi_odd</spirit:name>
      <spirit:busType spirit:vendor="xilinx.com" spirit:library="signal" spirit:name="data" spirit:version="1.0"/>
      <spirit:abstractionType spirit:vendor="xilinx.com" spirit:library="signal" spirit:name="data_rtl" spirit:version="1.0"/>
      <spirit:slave/>
      <spirit:portMaps>
        <spirit:portMap>
          <spirit:logicalPort>
            <spirit:name>DATA</spirit:name>
          </spirit:logicalPort>
          <spirit:physicalPort>
            <spirit:name>dphi_odd</spirit:name>
          </spirit:physicalPort>
        </spirit:portMap>
      </spirit:portMaps>
      <spirit:parameters>
        <spirit:parameter>
          <spirit:name>LAYERED_METADATA</spirit:name>
          <spirit:value spirit:id="BUSIFPARAM_VALUE.DPHI_ODD.LAYERED_METADATA">xilinx.com:interface:datatypes:1.0 {DATA {datatype {name {attribs {resolve_type immediate dependency {} format string minimum {} maximum {}} value {}} bitwidth {attribs {resolve_type immediate dependency {} format long minimum {} maximum {}} value 16} bitoffset {attribs {resolve_type immediate dependency {} format long minimum {} maximum {}} value 0} real {fixed {fractwidth {attribs {resolve_type immediate dependency {} format long minimum {} maximum {}} value 0} signed {attribs {resolve_type im
mediate dependency {} format bool minimum {} maximum {}} value false}}}}}}</spirit:value>
        </spirit:parameter>
      </spirit:parameters>
    </spirit:busInterface>
    <spirit:busInterface>
      <spirit:name>fft_shift</spirit:name>
      <spirit:busType spirit:vendor="xilinx.com" spirit:library="signal" spirit:name="data" spirit:version="1.0"/>
      <spirit:abstractionType spirit:vendor="xilinx.com" spirit:library="signal" spirit:name="data_rtl" spirit:version="1.0"/>
      <spirit:slave/>
      <spirit:portMaps>
        <spirit:portMap>
          <spirit:logicalPort>
            <spirit:name>DATA</spirit:name>
          </spirit:logicalPort>
          <spirit:physicalPort>
            <spirit:name>fft_shift</spirit:name>
          </spirit:physicalPort>
        </spirit:portMap>
      </spirit:portMaps>
      <spirit:parameters>
        <spirit:parameter>
          <spirit:name>LAYERED_METADATA</spirit:name>
          <spirit:value spirit:id="BUSIFPARAM_VALUE.FFT_SHIFT.LAYERED_METADATA">xilinx.com:interface:datatypes:1.0 {DATA {datatype {name {attribs {resolve_type immediate dependency {} format string minimum {} maximum {}} value {}} bitwidth {attribs {resolve_type immediate dependency {} format long minimum {} maximum {}} value 10} bitoffset {attribs {resolve_type immediate dependency {} format long minimum {} maximum {}} value 0} real {fixed {fractwidth {attribs {resolve_type immediate dependency {} format long minimum {} maximum {}} value 0} signed {attribs {resolve_type im
mediate dependency {} format bool minimum {} maximum {}} value false}}}}}}</spirit:value>
        </spirit:parameter>
      </spirit:parameters>
    </spirit:busInterface>
    <spirit:busInterface>
      <spirit:name>load_bins</spirit:name>
      <spirit:busType spirit:vendor="xilinx.com" spirit:library="signal" spirit:name="data" spirit:version="1.0"/>
      <spirit:abstractionType spirit:vendor="xilinx.com" spirit:library="signal" spirit:name="data_rtl" spirit:version="1.0"/>
      <spirit:slave/>
      <spirit:portMaps>
        <spirit:portMap>
          <spirit:logicalPort>
            <spirit:name>DATA</spirit:name>
          </spirit:logicalPort>
          <spirit:physicalPort>
            <spirit:name>load_bins</spirit:name>
          </spirit:physicalPort>
        </spirit:portMap>
      </spirit:portMaps>
      <spirit:parameters>
        <spirit:parameter>
          <spirit:name>LAYERED_METADATA</spirit:name>
          <spirit:value spirit:id="BUSIFPARAM_VALUE.LOAD_BINS.LAYERED_METADATA">xilinx.com:interface:datatypes:1.0 {DATA {datatype {name {attribs {resolve_type immediate dependency {} format string minimum {} maximum {}} value {}} bitwidth {attribs {resolve_type immediate dependency {} format long minimum {} maximum {}} value 11} bitoffset {attribs {resolve_type immediate dependency {} format long minimum {} maximum {}} value 0} real {fixed {fractwidth {attribs {resolve_type immediate dependency {} format long minimum {} maximum {}} value 0} signed {attribs {resolve_type im
mediate dependency {} format bool minimum {} maximum {}} value false}}}}}}</spirit:value>
        </spirit:parameter>
      </spirit:parameters>
    </spirit:busInterface>
    <spirit:busInterface>
      <spirit:name>start_dac</spirit:name>
      <spirit:busType spirit:vendor="xilinx.com" spirit:library="signal" spirit:name="data" spirit:version="1.0"/>
      <spirit:abstractionType spirit:vendor="xilinx.com" spirit:library="signal" spirit:name="data_rtl" spirit:version="1.0"/>
      <spirit:slave/>
      <spirit:portMaps>
        <spirit:portMap>
          <spirit:logicalPort>
            <spirit:name>DATA</spirit:name>
          </spirit:logicalPort>
          <spirit:physicalPort>
            <spirit:name>start_dac</spirit:name>
          </spirit:physicalPort>
        </spirit:portMap>
      </spirit:portMaps>
      <spirit:parameters>
        <spirit:parameter>
          <spirit:name>LAYERED_METADATA</spirit:name>
          <spirit:value spirit:id="BUSIFPARAM_VALUE.START_DAC.LAYERED_METADATA">xilinx.com:interface:datatypes:1.0 {DATA {datatype {name {attribs {resolve_type immediate dependency {} format string minimum {} maximum {}} value {}} bitwidth {attribs {resolve_type immediate dependency {} format long minimum {} maximum {}} value 1} bitoffset {attribs {resolve_type immediate dependency {} format long minimum {} maximum {}} value 0} real {fixed {fractwidth {attribs {resolve_type immediate dependency {} format long minimum {} maximum {}} value 0} signed {attribs {resolve_type imm
ediate dependency {} format bool minimum {} maximum {}} value false}}}}}}</spirit:value>
        </spirit:parameter>
      </spirit:parameters>
    </spirit:busInterface>
    <spirit:busInterface>
      <spirit:name>accum_snap_i0</spirit:name>
      <spirit:busType spirit:vendor="xilinx.com" spirit:library="signal" spirit:name="data" spirit:version="1.0"/>
      <spirit:abstractionType spirit:vendor="xilinx.com" spirit:library="signal" spirit:name="data_rtl" spirit:version="1.0"/>
      <spirit:master/>
      <spirit:portMaps>
        <spirit:portMap>
          <spirit:logicalPort>
            <spirit:name>DATA</spirit:name>
          </spirit:logicalPort>
          <spirit:physicalPort>
            <spirit:name>accum_snap_i0</spirit:name>
          </spirit:physicalPort>
        </spirit:portMap>
      </spirit:portMaps>
      <spirit:parameters>
        <spirit:parameter>
          <spirit:name>LAYERED_METADATA</spirit:name>
          <spirit:value spirit:id="BUSIFPARAM_VALUE.ACCUM_SNAP_I0.LAYERED_METADATA">xilinx.com:interface:datatypes:1.0 {DATA {datatype {name {attribs {resolve_type immediate dependency {} format string minimum {} maximum {}} value {}} bitwidth {attribs {resolve_type immediate dependency {} format long minimum {} maximum {}} value 32} bitoffset {attribs {resolve_type immediate dependency {} format long minimum {} maximum {}} value 0} real {fixed {fractwidth {attribs {resolve_type immediate dependency {} format long minimum {} maximum {}} value 17} signed {attribs {resolve_type i
mmediate dependency {} format bool minimum {} maximum {}} value true}}}}}}</spirit:value>
        </spirit:parameter>
      </spirit:parameters>
    </spirit:busInterface>
    <spirit:busInterface>
      <spirit:name>accum_snap_i1</spirit:name>
      <spirit:busType spirit:vendor="xilinx.com" spirit:library="signal" spirit:name="data" spirit:version="1.0"/>
      <spirit:abstractionType spirit:vendor="xilinx.com" spirit:library="signal" spirit:name="data_rtl" spirit:version="1.0"/>
      <spirit:master/>
      <spirit:portMaps>
        <spirit:portMap>
          <spirit:logicalPort>
            <spirit:name>DATA</spirit:name>
          </spirit:logicalPort>
          <spirit:physicalPort>
            <spirit:name>accum_snap_i1</spirit:name>
          </spirit:physicalPort>
        </spirit:portMap>
      </spirit:portMaps>
      <spirit:parameters>
        <spirit:parameter>
          <spirit:name>LAYERED_METADATA</spirit:name>
          <spirit:value spirit:id="BUSIFPARAM_VALUE.ACCUM_SNAP_I1.LAYERED_METADATA">xilinx.com:interface:datatypes:1.0 {DATA {datatype {name {attribs {resolve_type immediate dependency {} format string minimum {} maximum {}} value {}} bitwidth {attribs {resolve_type immediate dependency {} format long minimum {} maximum {}} value 32} bitoffset {attribs {resolve_type immediate dependency {} format long minimum {} maximum {}} value 0} real {fixed {fractwidth {attribs {resolve_type immediate dependency {} format long minimum {} maximum {}} value 17} signed {attribs {resolve_type i
mmediate dependency {} format bool minimum {} maximum {}} value true}}}}}}</spirit:value>
        </spirit:parameter>
      </spirit:parameters>
    </spirit:busInterface>
    <spirit:busInterface>
      <spirit:name>accum_snap_q0</spirit:name>
      <spirit:busType spirit:vendor="xilinx.com" spirit:library="signal" spirit:name="data" spirit:version="1.0"/>
      <spirit:abstractionType spirit:vendor="xilinx.com" spirit:library="signal" spirit:name="data_rtl" spirit:version="1.0"/>
      <spirit:master/>
      <spirit:portMaps>
        <spirit:portMap>
          <spirit:logicalPort>
            <spirit:name>DATA</spirit:name>
          </spirit:logicalPort>
          <spirit:physicalPort>
            <spirit:name>accum_snap_q0</spirit:name>
          </spirit:physicalPort>
        </spirit:portMap>
      </spirit:portMaps>
      <spirit:parameters>
        <spirit:parameter>
          <spirit:name>LAYERED_METADATA</spirit:name>
          <spirit:value spirit:id="BUSIFPARAM_VALUE.ACCUM_SNAP_Q0.LAYERED_METADATA">xilinx.com:interface:datatypes:1.0 {DATA {datatype {name {attribs {resolve_type immediate dependency {} format string minimum {} maximum {}} value {}} bitwidth {attribs {resolve_type immediate dependency {} format long minimum {} maximum {}} value 32} bitoffset {attribs {resolve_type immediate dependency {} format long minimum {} maximum {}} value 0} real {fixed {fractwidth {attribs {resolve_type immediate dependency {} format long minimum {} maximum {}} value 17} signed {attribs {resolve_type i
mmediate dependency {} format bool minimum {} maximum {}} value true}}}}}}</spirit:value>
        </spirit:parameter>
      </spirit:parameters>
    </spirit:busInterface>
    <spirit:busInterface>
      <spirit:name>accum_snap_q1</spirit:name>
      <spirit:busType spirit:vendor="xilinx.com" spirit:library="signal" spirit:name="data" spirit:version="1.0"/>
      <spirit:abstractionType spirit:vendor="xilinx.com" spirit:library="signal" spirit:name="data_rtl" spirit:version="1.0"/>
      <spirit:master/>
      <spirit:portMaps>
        <spirit:portMap>
          <spirit:logicalPort>
            <spirit:name>DATA</spirit:name>
          </spirit:logicalPort>
          <spirit:physicalPort>
            <spirit:name>accum_snap_q1</spirit:name>
          </spirit:physicalPort>
        </spirit:portMap>
      </spirit:portMaps>
      <spirit:parameters>
        <spirit:parameter>
          <spirit:name>LAYERED_METADATA</spirit:name>
          <spirit:value spirit:id="BUSIFPARAM_VALUE.ACCUM_SNAP_Q1.LAYERED_METADATA">xilinx.com:interface:datatypes:1.0 {DATA {datatype {name {attribs {resolve_type immediate dependency {} format string minimum {} maximum {}} value {}} bitwidth {attribs {resolve_type immediate dependency {} format long minimum {} maximum {}} value 32} bitoffset {attribs {resolve_type immediate dependency {} format long minimum {} maximum {}} value 0} real {fixed {fractwidth {attribs {resolve_type immediate dependency {} format long minimum {} maximum {}} value 17} signed {attribs {resolve_type i
mmediate dependency {} format bool minimum {} maximum {}} value true}}}}}}</spirit:value>
        </spirit:parameter>
      </spirit:parameters>
    </spirit:busInterface>
    <spirit:busInterface>
      <spirit:name>accum_snap_sync</spirit:name>
      <spirit:busType spirit:vendor="xilinx.com" spirit:library="signal" spirit:name="data" spirit:version="1.0"/>
      <spirit:abstractionType spirit:vendor="xilinx.com" spirit:library="signal" spirit:name="data_rtl" spirit:version="1.0"/>
      <spirit:master/>
      <spirit:portMaps>
        <spirit:portMap>
          <spirit:logicalPort>
            <spirit:name>DATA</spirit:name>
          </spirit:logicalPort>
          <spirit:physicalPort>
            <spirit:name>accum_snap_sync</spirit:name>
          </spirit:physicalPort>
        </spirit:portMap>
      </spirit:portMaps>
      <spirit:parameters>
        <spirit:parameter>
          <spirit:name>LAYERED_METADATA</spirit:name>
          <spirit:value spirit:id="BUSIFPARAM_VALUE.ACCUM_SNAP_SYNC.LAYERED_METADATA">xilinx.com:interface:datatypes:1.0 {DATA {datatype {name {attribs {resolve_type immediate dependency {} format string minimum {} maximum {}} value {}} bitwidth {attribs {resolve_type immediate dependency {} format long minimum {} maximum {}} value 1} bitoffset {attribs {resolve_type immediate dependency {} format long minimum {} maximum {}} value 0} real {fixed {fractwidth {attribs {resolve_type immediate dependency {} format long minimum {} maximum {}} value 0} signed {attribs {resolve_type imm
ediate dependency {} format bool minimum {} maximum {}} value false}}}}}}</spirit:value>
        </spirit:parameter>
      </spirit:parameters>
    </spirit:busInterface>
    <spirit:busInterface>
      <spirit:name>ddc_snap_i0q0</spirit:name>
      <spirit:busType spirit:vendor="xilinx.com" spirit:library="signal" spirit:name="data" spirit:version="1.0"/>
      <spirit:abstractionType spirit:vendor="xilinx.com" spirit:library="signal" spirit:name="data_rtl" spirit:version="1.0"/>
      <spirit:master/>
      <spirit:portMaps>
        <spirit:portMap>
          <spirit:logicalPort>
            <spirit:name>DATA</spirit:name>
          </spirit:logicalPort>
          <spirit:physicalPort>
            <spirit:name>ddc_snap_i0q0</spirit:name>
          </spirit:physicalPort>
        </spirit:portMap>
      </spirit:portMaps>
      <spirit:parameters>
        <spirit:parameter>
          <spirit:name>LAYERED_METADATA</spirit:name>
          <spirit:value spirit:id="BUSIFPARAM_VALUE.DDC_SNAP_I0Q0.LAYERED_METADATA">xilinx.com:interface:datatypes:1.0 {DATA {datatype {name {attribs {resolve_type immediate dependency {} format string minimum {} maximum {}} value {}} bitwidth {attribs {resolve_type immediate dependency {} format long minimum {} maximum {}} value 38} bitoffset {attribs {resolve_type immediate dependency {} format long minimum {} maximum {}} value 0} real {fixed {fractwidth {attribs {resolve_type immediate dependency {} format long minimum {} maximum {}} value 0} signed {attribs {resolve_type im
mediate dependency {} format bool minimum {} maximum {}} value false}}}}}}</spirit:value>
        </spirit:parameter>
      </spirit:parameters>
    </spirit:busInterface>
    <spirit:busInterface>
      <spirit:name>ddc_snap_i1q1</spirit:name>
      <spirit:busType spirit:vendor="xilinx.com" spirit:library="signal" spirit:name="data" spirit:version="1.0"/>
      <spirit:abstractionType spirit:vendor="xilinx.com" spirit:library="signal" spirit:name="data_rtl" spirit:version="1.0"/>
      <spirit:master/>
      <spirit:portMaps>
        <spirit:portMap>
          <spirit:logicalPort>
            <spirit:name>DATA</spirit:name>
          </spirit:logicalPort>
          <spirit:physicalPort>
            <spirit:name>ddc_snap_i1q1</spirit:name>
          </spirit:physicalPort>
        </spirit:portMap>
      </spirit:portMaps>
      <spirit:parameters>
        <spirit:parameter>
          <spirit:name>LAYERED_METADATA</spirit:name>
          <spirit:value spirit:id="BUSIFPARAM_VALUE.DDC_SNAP_I1Q1.LAYERED_METADATA">xilinx.com:interface:datatypes:1.0 {DATA {datatype {name {attribs {resolve_type immediate dependency {} format string minimum {} maximum {}} value {}} bitwidth {attribs {resolve_type immediate dependency {} format long minimum {} maximum {}} value 38} bitoffset {attribs {resolve_type immediate dependency {} format long minimum {} maximum {}} value 0} real {fixed {fractwidth {attribs {resolve_type immediate dependency {} format long minimum {} maximum {}} value 0} signed {attribs {resolve_type im
mediate dependency {} format bool minimum {} maximum {}} value false}}}}}}</spirit:value>
        </spirit:parameter>
      </spirit:parameters>
    </spirit:busInterface>
    <spirit:busInterface>
      <spirit:name>ddc_snap_sync</spirit:name>
      <spirit:busType spirit:vendor="xilinx.com" spirit:library="signal" spirit:name="data" spirit:version="1.0"/>
      <spirit:abstractionType spirit:vendor="xilinx.com" spirit:library="signal" spirit:name="data_rtl" spirit:version="1.0"/>
      <spirit:master/>
      <spirit:portMaps>
        <spirit:portMap>
          <spirit:logicalPort>
            <spirit:name>DATA</spirit:name>
          </spirit:logicalPort>
          <spirit:physicalPort>
            <spirit:name>ddc_snap_sync</spirit:name>
          </spirit:physicalPort>
        </spirit:portMap>
      </spirit:portMaps>
      <spirit:parameters>
        <spirit:parameter>
          <spirit:name>LAYERED_METADATA</spirit:name>
          <spirit:value spirit:id="BUSIFPARAM_VALUE.DDC_SNAP_SYNC.LAYERED_METADATA">xilinx.com:interface:datatypes:1.0 {DATA {datatype {name {attribs {resolve_type immediate dependency {} format string minimum {} maximum {}} value {}} bitwidth {attribs {resolve_type immediate dependency {} format long minimum {} maximum {}} value 1} bitoffset {attribs {resolve_type immediate dependency {} format long minimum {} maximum {}} value 0} real {fixed {fractwidth {attribs {resolve_type immediate dependency {} format long minimum {} maximum {}} value 0} signed {attribs {resolve_type imm
ediate dependency {} format bool minimum {} maximum {}} value false}}}}}}</spirit:value>
        </spirit:parameter>
      </spirit:parameters>
    </spirit:busInterface>
    <spirit:busInterface>
      <spirit:name>fft_of</spirit:name>
      <spirit:busType spirit:vendor="xilinx.com" spirit:library="signal" spirit:name="data" spirit:version="1.0"/>
      <spirit:abstractionType spirit:vendor="xilinx.com" spirit:library="signal" spirit:name="data_rtl" spirit:version="1.0"/>
      <spirit:master/>
      <spirit:portMaps>
        <spirit:portMap>
          <spirit:logicalPort>
            <spirit:name>DATA</spirit:name>
          </spirit:logicalPort>
          <spirit:physicalPort>
            <spirit:name>fft_of</spirit:name>
          </spirit:physicalPort>
        </spirit:portMap>
      </spirit:portMaps>
      <spirit:parameters>
        <spirit:parameter>
          <spirit:name>LAYERED_METADATA</spirit:name>
          <spirit:value spirit:id="BUSIFPARAM_VALUE.FFT_OF.LAYERED_METADATA">xilinx.com:interface:datatypes:1.0 {DATA {datatype {name {attribs {resolve_type immediate dependency {} format string minimum {} maximum {}} value {}} bitwidth {attribs {resolve_type immediate dependency {} format long minimum {} maximum {}} value 1} bitoffset {attribs {resolve_type immediate dependency {} format long minimum {} maximum {}} value 0} real {fixed {fractwidth {attribs {resolve_type immediate dependency {} format long minimum {} maximum {}} value 0} signed {attribs {resolve_type imm
ediate dependency {} format bool minimum {} maximum {}} value false}}}}}}</spirit:value>
        </spirit:parameter>
      </spirit:parameters>
    </spirit:busInterface>
    <spirit:busInterface>
      <spirit:name>fft_snap_i0q0</spirit:name>
      <spirit:busType spirit:vendor="xilinx.com" spirit:library="signal" spirit:name="data" spirit:version="1.0"/>
      <spirit:abstractionType spirit:vendor="xilinx.com" spirit:library="signal" spirit:name="data_rtl" spirit:version="1.0"/>
      <spirit:master/>
      <spirit:portMaps>
        <spirit:portMap>
          <spirit:logicalPort>
            <spirit:name>DATA</spirit:name>
          </spirit:logicalPort>
          <spirit:physicalPort>
            <spirit:name>fft_snap_i0q0</spirit:name>
          </spirit:physicalPort>
        </spirit:portMap>
      </spirit:portMaps>
      <spirit:parameters>
        <spirit:parameter>
          <spirit:name>LAYERED_METADATA</spirit:name>
          <spirit:value spirit:id="BUSIFPARAM_VALUE.FFT_SNAP_I0Q0.LAYERED_METADATA">xilinx.com:interface:datatypes:1.0 {DATA {datatype {name {attribs {resolve_type immediate dependency {} format string minimum {} maximum {}} value {}} bitwidth {attribs {resolve_type immediate dependency {} format long minimum {} maximum {}} value 36} bitoffset {attribs {resolve_type immediate dependency {} format long minimum {} maximum {}} value 0} real {fixed {fractwidth {attribs {resolve_type immediate dependency {} format long minimum {} maximum {}} value 0} signed {attribs {resolve_type im
mediate dependency {} format bool minimum {} maximum {}} value false}}}}}}</spirit:value>
        </spirit:parameter>
      </spirit:parameters>
    </spirit:busInterface>
    <spirit:busInterface>
      <spirit:name>fft_snap_i1q1</spirit:name>
      <spirit:busType spirit:vendor="xilinx.com" spirit:library="signal" spirit:name="data" spirit:version="1.0"/>
      <spirit:abstractionType spirit:vendor="xilinx.com" spirit:library="signal" spirit:name="data_rtl" spirit:version="1.0"/>
      <spirit:master/>
      <spirit:portMaps>
        <spirit:portMap>
          <spirit:logicalPort>
            <spirit:name>DATA</spirit:name>
          </spirit:logicalPort>
          <spirit:physicalPort>
            <spirit:name>fft_snap_i1q1</spirit:name>
          </spirit:physicalPort>
        </spirit:portMap>
      </spirit:portMaps>
      <spirit:parameters>
        <spirit:parameter>
          <spirit:name>LAYERED_METADATA</spirit:name>
          <spirit:value spirit:id="BUSIFPARAM_VALUE.FFT_SNAP_I1Q1.LAYERED_METADATA">xilinx.com:interface:datatypes:1.0 {DATA {datatype {name {attribs {resolve_type immediate dependency {} format string minimum {} maximum {}} value {}} bitwidth {attribs {resolve_type immediate dependency {} format long minimum {} maximum {}} value 36} bitoffset {attribs {resolve_type immediate dependency {} format long minimum {} maximum {}} value 0} real {fixed {fractwidth {attribs {resolve_type immediate dependency {} format long minimum {} maximum {}} value 0} signed {attribs {resolve_type im
mediate dependency {} format bool minimum {} maximum {}} value false}}}}}}</spirit:value>
        </spirit:parameter>
      </spirit:parameters>
    </spirit:busInterface>
    <spirit:busInterface>
      <spirit:name>fft_snap_sync</spirit:name>
      <spirit:busType spirit:vendor="xilinx.com" spirit:library="signal" spirit:name="data" spirit:version="1.0"/>
      <spirit:abstractionType spirit:vendor="xilinx.com" spirit:library="signal" spirit:name="data_rtl" spirit:version="1.0"/>
      <spirit:master/>
      <spirit:portMaps>
        <spirit:portMap>
          <spirit:logicalPort>
            <spirit:name>DATA</spirit:name>
          </spirit:logicalPort>
          <spirit:physicalPort>
            <spirit:name>fft_snap_sync</spirit:name>
          </spirit:physicalPort>
        </spirit:portMap>
      </spirit:portMaps>
      <spirit:parameters>
        <spirit:parameter>
          <spirit:name>LAYERED_METADATA</spirit:name>
          <spirit:value spirit:id="BUSIFPARAM_VALUE.FFT_SNAP_SYNC.LAYERED_METADATA">xilinx.com:interface:datatypes:1.0 {DATA {datatype {name {attribs {resolve_type immediate dependency {} format string minimum {} maximum {}} value {}} bitwidth {attribs {resolve_type immediate dependency {} format long minimum {} maximum {}} value 1} bitoffset {attribs {resolve_type immediate dependency {} format long minimum {} maximum {}} value 0} real {fixed {fractwidth {attribs {resolve_type immediate dependency {} format long minimum {} maximum {}} value 0} signed {attribs {resolve_type imm
ediate dependency {} format bool minimum {} maximum {}} value false}}}}}}</spirit:value>
        </spirit:parameter>
      </spirit:parameters>
    </spirit:busInterface>
  </spirit:busInterfaces>
  <spirit:model>
    <spirit:views>
      <spirit:view>
        <spirit:name>xilinx_vhdlsynthesis</spirit:name>
        <spirit:displayName>VHDL Synthesis</spirit:displayName>
        <spirit:envIdentifier>vhdlSource:vivado.xilinx.com:synthesis</spirit:envIdentifier>
        <spirit:language>vhdl</spirit:language>
        <spirit:modelName>blast_module_v6_cordic_ddc</spirit:modelName>
        <spirit:fileSetRef>
          <spirit:localName>xilinx_vhdlsynthesis_view_fileset</spirit:localName>
        </spirit:fileSetRef>
      </spirit:view>
      <spirit:view>
        <spirit:name>xilinx_vhdlbehavioralsimulation</spirit:name>
        <spirit:displayName>VHDL Simulation</spirit:displayName>
        <spirit:envIdentifier>vhdlSource:vivado.xilinx.com:simulation</spirit:envIdentifier>
        <spirit:language>vhdl</spirit:language>
        <spirit:modelName>blast_module_v6_cordic_ddc</spirit:modelName>
        <spirit:fileSetRef>
          <spirit:localName>xilinx_vhdlbehavioralsimulation_view_fileset</spirit:localName>
        </spirit:fileSetRef>
      </spirit:view>
      <spirit:view>
        <spirit:name>xilinx_xpgui</spirit:name>
        <spirit:displayName>UI Layout</spirit:displayName>
        <spirit:envIdentifier>:vivado.xilinx.com:xgui.ui</spirit:envIdentifier>
        <spirit:fileSetRef>
          <spirit:localName>xilinx_xpgui_view_fileset</spirit:localName>
        </spirit:fileSetRef>
      </spirit:view>
      <spirit:view>
        <spirit:name>xilinx_utilityxitfiles</spirit:name>
        <spirit:displayName>Utility XIT/TTCL</spirit:displayName>
        <spirit:envIdentifier>:vivado.xilinx.com:xit.util</spirit:envIdentifier>
        <spirit:fileSetRef>
          <spirit:localName>xilinx_utilityxitfiles_view_fileset</spirit:localName>
        </spirit:fileSetRef>
      </spirit:view>
    </spirit:views>
    <spirit:ports>
      <spirit:port>
        <spirit:name>accum_len</spirit:name>
        <spirit:wire>
          <spirit:direction>in</spirit:direction>
          <spirit:vector>
            <spirit:left spirit:format="long">23</spirit:left>
            <spirit:right spirit:format="long">0</spirit:right>
          </spirit:vector>
          <spirit:wireTypeDefs>
            <spirit:wireTypeDef>
              <spirit:typeName>std_logic_vector</spirit:typeName>
              <spirit:viewNameRef>xilinx_vhdlsynthesis</spirit:viewNameRef>
              <spirit:viewNameRef>xilinx_vhdlbehavioralsimulation</spirit:viewNameRef>
            </spirit:wireTypeDef>
          </spirit:wireTypeDefs>
        </spirit:wire>
      </spirit:port>
      <spirit:port>
        <spirit:name>accum_reset</spirit:name>
        <spirit:wire>
          <spirit:direction>in</spirit:direction>
          <spirit:vector>
            <spirit:left spirit:format="long">0</spirit:left>
            <spirit:right spirit:format="long">0</spirit:right>
          </spirit:vector>
          <spirit:wireTypeDefs>
            <spirit:wireTypeDef>
              <spirit:typeName>std_logic_vector</spirit:typeName>
              <spirit:viewNameRef>xilinx_vhdlsynthesis</spirit:viewNameRef>
              <spirit:viewNameRef>xilinx_vhdlbehavioralsimulation</spirit:viewNameRef>
            </spirit:wireTypeDef>
          </spirit:wireTypeDefs>
        </spirit:wire>
      </spirit:port>
      <spirit:port>
        <spirit:name>adc_i0</spirit:name>
        <spirit:wire>
          <spirit:direction>in</spirit:direction>
          <spirit:vector>
            <spirit:left spirit:format="long">15</spirit:left>
            <spirit:right spirit:format="long">0</spirit:right>
          </spirit:vector>
          <spirit:wireTypeDefs>
            <spirit:wireTypeDef>
              <spirit:typeName>std_logic_vector</spirit:typeName>
              <spirit:viewNameRef>xilinx_vhdlsynthesis</spirit:viewNameRef>
              <spirit:viewNameRef>xilinx_vhdlbehavioralsimulation</spirit:viewNameRef>
            </spirit:wireTypeDef>
          </spirit:wireTypeDefs>
        </spirit:wire>
      </spirit:port>
      <spirit:port>
        <spirit:name>adc_i1</spirit:name>
        <spirit:wire>
          <spirit:direction>in</spirit:direction>
          <spirit:vector>
            <spirit:left spirit:format="long">15</spirit:left>
            <spirit:right spirit:format="long">0</spirit:right>
          </spirit:vector>
          <spirit:wireTypeDefs>
            <spirit:wireTypeDef>
              <spirit:typeName>std_logic_vector</spirit:typeName>
              <spirit:viewNameRef>xilinx_vhdlsynthesis</spirit:viewNameRef>
              <spirit:viewNameRef>xilinx_vhdlbehavioralsimulation</spirit:viewNameRef>
            </spirit:wireTypeDef>
          </spirit:wireTypeDefs>
        </spirit:wire>
      </spirit:port>
      <spirit:port>
        <spirit:name>adc_q0</spirit:name>
        <spirit:wire>
          <spirit:direction>in</spirit:direction>
          <spirit:vector>
            <spirit:left spirit:format="long">15</spirit:left>
            <spirit:right spirit:format="long">0</spirit:right>
          </spirit:vector>
          <spirit:wireTypeDefs>
            <spirit:wireTypeDef>
              <spirit:typeName>std_logic_vector</spirit:typeName>
              <spirit:viewNameRef>xilinx_vhdlsynthesis</spirit:viewNameRef>
              <spirit:viewNameRef>xilinx_vhdlbehavioralsimulation</spirit:viewNameRef>
            </spirit:wireTypeDef>
          </spirit:wireTypeDefs>
        </spirit:wire>
      </spirit:port>
      <spirit:port>
        <spirit:name>adc_q1</spirit:name>
        <spirit:wire>
          <spirit:direction>in</spirit:direction>
          <spirit:vector>
            <spirit:left spirit:format="long">15</spirit:left>
            <spirit:right spirit:format="long">0</spirit:right>
          </spirit:vector>
          <spirit:wireTypeDefs>
            <spirit:wireTypeDef>
              <spirit:typeName>std_logic_vector</spirit:typeName>
              <spirit:viewNameRef>xilinx_vhdlsynthesis</spirit:viewNameRef>
              <spirit:viewNameRef>xilinx_vhdlbehavioralsimulation</spirit:viewNameRef>
            </spirit:wireTypeDef>
          </spirit:wireTypeDefs>
        </spirit:wire>
      </spirit:port>
      <spirit:port>
        <spirit:name>bin_num</spirit:name>
        <spirit:wire>
          <spirit:direction>in</spirit:direction>
          <spirit:vector>
            <spirit:left spirit:format="long">9</spirit:left>
            <spirit:right spirit:format="long">0</spirit:right>
          </spirit:vector>
          <spirit:wireTypeDefs>
            <spirit:wireTypeDef>
              <spirit:typeName>std_logic_vector</spirit:typeName>
              <spirit:viewNameRef>xilinx_vhdlsynthesis</spirit:viewNameRef>
              <spirit:viewNameRef>xilinx_vhdlbehavioralsimulation</spirit:viewNameRef>
            </spirit:wireTypeDef>
          </spirit:wireTypeDefs>
        </spirit:wire>
      </spirit:port>
      <spirit:port>
        <spirit:name>dds_shift</spirit:name>
        <spirit:wire>
          <spirit:direction>in</spirit:direction>
          <spirit:vector>
            <spirit:left spirit:format="long">8</spirit:left>
            <spirit:right spirit:format="long">0</spirit:right>
          </spirit:vector>
          <spirit:wireTypeDefs>
            <spirit:wireTypeDef>
              <spirit:typeName>std_logic_vector</spirit:typeName>
              <spirit:viewNameRef>xilinx_vhdlsynthesis</spirit:viewNameRef>
              <spirit:viewNameRef>xilinx_vhdlbehavioralsimulation</spirit:viewNameRef>
            </spirit:wireTypeDef>
          </spirit:wireTypeDefs>
        </spirit:wire>
      </spirit:port>
      <spirit:port>
        <spirit:name>dphi_even</spirit:name>
        <spirit:wire>
          <spirit:direction>in</spirit:direction>
          <spirit:vector>
            <spirit:left spirit:format="long">15</spirit:left>
            <spirit:right spirit:format="long">0</spirit:right>
          </spirit:vector>
          <spirit:wireTypeDefs>
            <spirit:wireTypeDef>
              <spirit:typeName>std_logic_vector</spirit:typeName>
              <spirit:viewNameRef>xilinx_vhdlsynthesis</spirit:viewNameRef>
              <spirit:viewNameRef>xilinx_vhdlbehavioralsimulation</spirit:viewNameRef>
            </spirit:wireTypeDef>
          </spirit:wireTypeDefs>
        </spirit:wire>
      </spirit:port>
      <spirit:port>
        <spirit:name>dphi_odd</spirit:name>
        <spirit:wire>
          <spirit:direction>in</spirit:direction>
          <spirit:vector>
            <spirit:left spirit:format="long">15</spirit:left>
            <spirit:right spirit:format="long">0</spirit:right>
          </spirit:vector>
          <spirit:wireTypeDefs>
            <spirit:wireTypeDef>
              <spirit:typeName>std_logic_vector</spirit:typeName>
              <spirit:viewNameRef>xilinx_vhdlsynthesis</spirit:viewNameRef>
              <spirit:viewNameRef>xilinx_vhdlbehavioralsimulation</spirit:viewNameRef>
            </spirit:wireTypeDef>
          </spirit:wireTypeDefs>
        </spirit:wire>
      </spirit:port>
      <spirit:port>
        <spirit:name>fft_shift</spirit:name>
        <spirit:wire>
          <spirit:direction>in</spirit:direction>
          <spirit:vector>
            <spirit:left spirit:format="long">9</spirit:left>
            <spirit:right spirit:format="long">0</spirit:right>
          </spirit:vector>
          <spirit:wireTypeDefs>
            <spirit:wireTypeDef>
              <spirit:typeName>std_logic_vector</spirit:typeName>
              <spirit:viewNameRef>xilinx_vhdlsynthesis</spirit:viewNameRef>
              <spirit:viewNameRef>xilinx_vhdlbehavioralsimulation</spirit:viewNameRef>
            </spirit:wireTypeDef>
          </spirit:wireTypeDefs>
        </spirit:wire>
      </spirit:port>
      <spirit:port>
        <spirit:name>load_bins</spirit:name>
        <spirit:wire>
          <spirit:direction>in</spirit:direction>
          <spirit:vector>
            <spirit:left spirit:format="long">10</spirit:left>
            <spirit:right spirit:format="long">0</spirit:right>
          </spirit:vector>
          <spirit:wireTypeDefs>
            <spirit:wireTypeDef>
              <spirit:typeName>std_logic_vector</spirit:typeName>
              <spirit:viewNameRef>xilinx_vhdlsynthesis</spirit:viewNameRef>
              <spirit:viewNameRef>xilinx_vhdlbehavioralsimulation</spirit:viewNameRef>
            </spirit:wireTypeDef>
          </spirit:wireTypeDefs>
        </spirit:wire>
      </spirit:port>
      <spirit:port>
        <spirit:name>start_dac</spirit:name>
        <spirit:wire>
          <spirit:direction>in</spirit:direction>
          <spirit:vector>
            <spirit:left spirit:format="long">0</spirit:left>
            <spirit:right spirit:format="long">0</spirit:right>
          </spirit:vector>
          <spirit:wireTypeDefs>
            <spirit:wireTypeDef>
              <spirit:typeName>std_logic_vector</spirit:typeName>
              <spirit:viewNameRef>xilinx_vhdlsynthesis</spirit:viewNameRef>
              <spirit:viewNameRef>xilinx_vhdlbehavioralsimulation</spirit:viewNameRef>
            </spirit:wireTypeDef>
          </spirit:wireTypeDefs>
        </spirit:wire>
      </spirit:port>
      <spirit:port>
        <spirit:name>clk</spirit:name>
        <spirit:wire>
          <spirit:direction>in</spirit:direction>
          <spirit:wireTypeDefs>
            <spirit:wireTypeDef>
              <spirit:typeName>std_logic</spirit:typeName>
              <spirit:viewNameRef>xilinx_vhdlsynthesis</spirit:viewNameRef>
              <spirit:viewNameRef>xilinx_vhdlbehavioralsimulation</spirit:viewNameRef>
            </spirit:wireTypeDef>
          </spirit:wireTypeDefs>
        </spirit:wire>
      </spirit:port>
      <spirit:port>
        <spirit:name>accum_snap_i0</spirit:name>
        <spirit:wire>
          <spirit:direction>out</spirit:direction>
          <spirit:vector>
            <spirit:left spirit:format="long">31</spirit:left>
            <spirit:right spirit:format="long">0</spirit:right>
          </spirit:vector>
          <spirit:wireTypeDefs>
            <spirit:wireTypeDef>
              <spirit:typeName>std_logic_vector</spirit:typeName>
              <spirit:viewNameRef>xilinx_vhdlsynthesis</spirit:viewNameRef>
              <spirit:viewNameRef>xilinx_vhdlbehavioralsimulation</spirit:viewNameRef>
            </spirit:wireTypeDef>
          </spirit:wireTypeDefs>
        </spirit:wire>
      </spirit:port>
      <spirit:port>
        <spirit:name>accum_snap_i1</spirit:name>
        <spirit:wire>
          <spirit:direction>out</spirit:direction>
          <spirit:vector>
            <spirit:left spirit:format="long">31</spirit:left>
            <spirit:right spirit:format="long">0</spirit:right>
          </spirit:vector>
          <spirit:wireTypeDefs>
            <spirit:wireTypeDef>
              <spirit:typeName>std_logic_vector</spirit:typeName>
              <spirit:viewNameRef>xilinx_vhdlsynthesis</spirit:viewNameRef>
              <spirit:viewNameRef>xilinx_vhdlbehavioralsimulation</spirit:viewNameRef>
            </spirit:wireTypeDef>
          </spirit:wireTypeDefs>
        </spirit:wire>
      </spirit:port>
      <spirit:port>
        <spirit:name>accum_snap_q0</spirit:name>
        <spirit:wire>
          <spirit:direction>out</spirit:direction>
          <spirit:vector>
            <spirit:left spirit:format="long">31</spirit:left>
            <spirit:right spirit:format="long">0</spirit:right>
          </spirit:vector>
          <spirit:wireTypeDefs>
            <spirit:wireTypeDef>
              <spirit:typeName>std_logic_vector</spirit:typeName>
              <spirit:viewNameRef>xilinx_vhdlsynthesis</spirit:viewNameRef>
              <spirit:viewNameRef>xilinx_vhdlbehavioralsimulation</spirit:viewNameRef>
            </spirit:wireTypeDef>
          </spirit:wireTypeDefs>
        </spirit:wire>
      </spirit:port>
      <spirit:port>
        <spirit:name>accum_snap_q1</spirit:name>
        <spirit:wire>
          <spirit:direction>out</spirit:direction>
          <spirit:vector>
            <spirit:left spirit:format="long">31</spirit:left>
            <spirit:right spirit:format="long">0</spirit:right>
          </spirit:vector>
          <spirit:wireTypeDefs>
            <spirit:wireTypeDef>
              <spirit:typeName>std_logic_vector</spirit:typeName>
              <spirit:viewNameRef>xilinx_vhdlsynthesis</spirit:viewNameRef>
              <spirit:viewNameRef>xilinx_vhdlbehavioralsimulation</spirit:viewNameRef>
            </spirit:wireTypeDef>
          </spirit:wireTypeDefs>
        </spirit:wire>
      </spirit:port>
      <spirit:port>
        <spirit:name>accum_snap_sync</spirit:name>
        <spirit:wire>
          <spirit:direction>out</spirit:direction>
          <spirit:vector>
            <spirit:left spirit:format="long">0</spirit:left>
            <spirit:right spirit:format="long">0</spirit:right>
          </spirit:vector>
          <spirit:wireTypeDefs>
            <spirit:wireTypeDef>
              <spirit:typeName>std_logic_vector</spirit:typeName>
              <spirit:viewNameRef>xilinx_vhdlsynthesis</spirit:viewNameRef>
              <spirit:viewNameRef>xilinx_vhdlbehavioralsimulation</spirit:viewNameRef>
            </spirit:wireTypeDef>
          </spirit:wireTypeDefs>
        </spirit:wire>
      </spirit:port>
      <spirit:port>
        <spirit:name>ddc_snap_i0q0</spirit:name>
        <spirit:wire>
          <spirit:direction>out</spirit:direction>
          <spirit:vector>
            <spirit:left spirit:format="long">37</spirit:left>
            <spirit:right spirit:format="long">0</spirit:right>
          </spirit:vector>
          <spirit:wireTypeDefs>
            <spirit:wireTypeDef>
              <spirit:typeName>std_logic_vector</spirit:typeName>
              <spirit:viewNameRef>xilinx_vhdlsynthesis</spirit:viewNameRef>
              <spirit:viewNameRef>xilinx_vhdlbehavioralsimulation</spirit:viewNameRef>
            </spirit:wireTypeDef>
          </spirit:wireTypeDefs>
        </spirit:wire>
      </spirit:port>
      <spirit:port>
        <spirit:name>ddc_snap_i1q1</spirit:name>
        <spirit:wire>
          <spirit:direction>out</spirit:direction>
          <spirit:vector>
            <spirit:left spirit:format="long">37</spirit:left>
            <spirit:right spirit:format="long">0</spirit:right>
          </spirit:vector>
          <spirit:wireTypeDefs>
            <spirit:wireTypeDef>
              <spirit:typeName>std_logic_vector</spirit:typeName>
              <spirit:viewNameRef>xilinx_vhdlsynthesis</spirit:viewNameRef>
              <spirit:viewNameRef>xilinx_vhdlbehavioralsimulation</spirit:viewNameRef>
            </spirit:wireTypeDef>
          </spirit:wireTypeDefs>
        </spirit:wire>
      </spirit:port>
      <spirit:port>
        <spirit:name>ddc_snap_sync</spirit:name>
        <spirit:wire>
          <spirit:direction>out</spirit:direction>
          <spirit:vector>
            <spirit:left spirit:format="long">0</spirit:left>
            <spirit:right spirit:format="long">0</spirit:right>
          </spirit:vector>
          <spirit:wireTypeDefs>
            <spirit:wireTypeDef>
              <spirit:typeName>std_logic_vector</spirit:typeName>
              <spirit:viewNameRef>xilinx_vhdlsynthesis</spirit:viewNameRef>
              <spirit:viewNameRef>xilinx_vhdlbehavioralsimulation</spirit:viewNameRef>
            </spirit:wireTypeDef>
          </spirit:wireTypeDefs>
        </spirit:wire>
      </spirit:port>
      <spirit:port>
        <spirit:name>fft_of</spirit:name>
        <spirit:wire>
          <spirit:direction>out</spirit:direction>
          <spirit:vector>
            <spirit:left spirit:format="long">0</spirit:left>
            <spirit:right spirit:format="long">0</spirit:right>
          </spirit:vector>
          <spirit:wireTypeDefs>
            <spirit:wireTypeDef>
              <spirit:typeName>std_logic_vector</spirit:typeName>
              <spirit:viewNameRef>xilinx_vhdlsynthesis</spirit:viewNameRef>
              <spirit:viewNameRef>xilinx_vhdlbehavioralsimulation</spirit:viewNameRef>
            </spirit:wireTypeDef>
          </spirit:wireTypeDefs>
        </spirit:wire>
      </spirit:port>
      <spirit:port>
        <spirit:name>fft_snap_i0q0</spirit:name>
        <spirit:wire>
          <spirit:direction>out</spirit:direction>
          <spirit:vector>
            <spirit:left spirit:format="long">35</spirit:left>
            <spirit:right spirit:format="long">0</spirit:right>
          </spirit:vector>
          <spirit:wireTypeDefs>
            <spirit:wireTypeDef>
              <spirit:typeName>std_logic_vector</spirit:typeName>
              <spirit:viewNameRef>xilinx_vhdlsynthesis</spirit:viewNameRef>
              <spirit:viewNameRef>xilinx_vhdlbehavioralsimulation</spirit:viewNameRef>
            </spirit:wireTypeDef>
          </spirit:wireTypeDefs>
        </spirit:wire>
      </spirit:port>
      <spirit:port>
        <spirit:name>fft_snap_i1q1</spirit:name>
        <spirit:wire>
          <spirit:direction>out</spirit:direction>
          <spirit:vector>
            <spirit:left spirit:format="long">35</spirit:left>
            <spirit:right spirit:format="long">0</spirit:right>
          </spirit:vector>
          <spirit:wireTypeDefs>
            <spirit:wireTypeDef>
              <spirit:typeName>std_logic_vector</spirit:typeName>
              <spirit:viewNameRef>xilinx_vhdlsynthesis</spirit:viewNameRef>
              <spirit:viewNameRef>xilinx_vhdlbehavioralsimulation</spirit:viewNameRef>
            </spirit:wireTypeDef>
          </spirit:wireTypeDefs>
        </spirit:wire>
      </spirit:port>
      <spirit:port>
        <spirit:name>fft_snap_sync</spirit:name>
        <spirit:wire>
          <spirit:direction>out</spirit:direction>
          <spirit:vector>
            <spirit:left spirit:format="long">0</spirit:left>
            <spirit:right spirit:format="long">0</spirit:right>
          </spirit:vector>
          <spirit:wireTypeDefs>
            <spirit:wireTypeDef>
              <spirit:typeName>std_logic_vector</spirit:typeName>
              <spirit:viewNameRef>xilinx_vhdlsynthesis</spirit:viewNameRef>
              <spirit:viewNameRef>xilinx_vhdlbehavioralsimulation</spirit:viewNameRef>
            </spirit:wireTypeDef>
          </spirit:wireTypeDefs>
        </spirit:wire>
      </spirit:port>
    </spirit:ports>
  </spirit:model>
  <spirit:fileSets>
    <spirit:fileSet>
      <spirit:name>xilinx_vhdlsynthesis_view_fileset</spirit:name>
      <spirit:file>
        <spirit:name>blast_module_v6_cordic_ddc_c_addsub_v12_0_i0/blast_module_v6_cordic_ddc_c_addsub_v12_0_i0.xci</spirit:name>
        <spirit:userFileType>xci</spirit:userFileType>
      </spirit:file>
      <spirit:file>
        <spirit:name>blast_module_v6_cordic_ddc_c_addsub_v12_0_i1/blast_module_v6_cordic_ddc_c_addsub_v12_0_i1.xci</spirit:name>
        <spirit:userFileType>xci</spirit:userFileType>
      </spirit:file>
      <spirit:file>
        <spirit:name>blast_module_v6_cordic_ddc_c_addsub_v12_0_i2/blast_module_v6_cordic_ddc_c_addsub_v12_0_i2.xci</spirit:name>
        <spirit:userFileType>xci</spirit:userFileType>
      </spirit:file>
      <spirit:file>
        <spirit:name>blast_module_v6_cordic_ddc_c_counter_binary_v12_0_i0/blast_module_v6_cordic_ddc_c_counter_binary_v12_0_i0.xci</spirit:name>
        <spirit:userFileType>xci</spirit:userFileType>
      </spirit:file>
      <spirit:file>
        <spirit:name>blast_module_v6_cordic_ddc_c_counter_binary_v12_0_i1/blast_module_v6_cordic_ddc_c_counter_binary_v12_0_i1.xci</spirit:name>
        <spirit:userFileType>xci</spirit:userFileType>
      </spirit:file>
      <spirit:file>
        <spirit:name>blast_module_v6_cordic_ddc_c_counter_binary_v12_0_i10/blast_module_v6_cordic_ddc_c_counter_binary_v12_0_i10.xci</spirit:name>
        <spirit:userFileType>xci</spirit:userFileType>
      </spirit:file>
      <spirit:file>
        <spirit:name>blast_module_v6_cordic_ddc_c_counter_binary_v12_0_i11/blast_module_v6_cordic_ddc_c_counter_binary_v12_0_i11.xci</spirit:name>
        <spirit:userFileType>xci</spirit:userFileType>
      </spirit:file>
      <spirit:file>
        <spirit:name>blast_module_v6_cordic_ddc_c_counter_binary_v12_0_i12/blast_module_v6_cordic_ddc_c_counter_binary_v12_0_i12.xci</spirit:name>
        <spirit:userFileType>xci</spirit:userFileType>
      </spirit:file>
      <spirit:file>
        <spirit:name>blast_module_v6_cordic_ddc_c_counter_binary_v12_0_i13/blast_module_v6_cordic_ddc_c_counter_binary_v12_0_i13.xci</spirit:name>
        <spirit:userFileType>xci</spirit:userFileType>
      </spirit:file>
      <spirit:file>
        <spirit:name>blast_module_v6_cordic_ddc_c_counter_binary_v12_0_i14/blast_module_v6_cordic_ddc_c_counter_binary_v12_0_i14.xci</spirit:name>
        <spirit:userFileType>xci</spirit:userFileType>
      </spirit:file>
      <spirit:file>
        <spirit:name>blast_module_v6_cordic_ddc_c_counter_binary_v12_0_i15/blast_module_v6_cordic_ddc_c_counter_binary_v12_0_i15.xci</spirit:name>
        <spirit:userFileType>xci</spirit:userFileType>
      </spirit:file>
      <spirit:file>
        <spirit:name>blast_module_v6_cordic_ddc_c_counter_binary_v12_0_i16/blast_module_v6_cordic_ddc_c_counter_binary_v12_0_i16.xci</spirit:name>
        <spirit:userFileType>xci</spirit:userFileType>
      </spirit:file>
      <spirit:file>
        <spirit:name>blast_module_v6_cordic_ddc_c_counter_binary_v12_0_i2/blast_module_v6_cordic_ddc_c_counter_binary_v12_0_i2.xci</spirit:name>
        <spirit:userFileType>xci</spirit:userFileType>
      </spirit:file>
      <spirit:file>
        <spirit:name>blast_module_v6_cordic_ddc_c_counter_binary_v12_0_i3/blast_module_v6_cordic_ddc_c_counter_binary_v12_0_i3.xci</spirit:name>
        <spirit:userFileType>xci</spirit:userFileType>
      </spirit:file>
      <spirit:file>
        <spirit:name>blast_module_v6_cordic_ddc_c_counter_binary_v12_0_i4/blast_module_v6_cordic_ddc_c_counter_binary_v12_0_i4.xci</spirit:name>
        <spirit:userFileType>xci</spirit:userFileType>
      </spirit:file>
      <spirit:file>
        <spirit:name>blast_module_v6_cordic_ddc_c_counter_binary_v12_0_i5/blast_module_v6_cordic_ddc_c_counter_binary_v12_0_i5.xci</spirit:name>
        <spirit:userFileType>xci</spirit:userFileType>
      </spirit:file>
      <spirit:file>
        <spirit:name>blast_module_v6_cordic_ddc_c_counter_binary_v12_0_i6/blast_module_v6_cordic_ddc_c_counter_binary_v12_0_i6.xci</spirit:name>
        <spirit:userFileType>xci</spirit:userFileType>
      </spirit:file>
      <spirit:file>
        <spirit:name>blast_module_v6_cordic_ddc_c_counter_binary_v12_0_i7/blast_module_v6_cordic_ddc_c_counter_binary_v12_0_i7.xci</spirit:name>
        <spirit:userFileType>xci</spirit:userFileType>
      </spirit:file>
      <spirit:file>
        <spirit:name>blast_module_v6_cordic_ddc_c_counter_binary_v12_0_i8/blast_module_v6_cordic_ddc_c_counter_binary_v12_0_i8.xci</spirit:name>
        <spirit:userFileType>xci</spirit:userFileType>
      </spirit:file>
      <spirit:file>
        <spirit:name>blast_module_v6_cordic_ddc_c_counter_binary_v12_0_i9/blast_module_v6_cordic_ddc_c_counter_binary_v12_0_i9.xci</spirit:name>
        <spirit:userFileType>xci</spirit:userFileType>
      </spirit:file>
      <spirit:file>
        <spirit:name>blast_module_v6_cordic_ddc_cordic_v6_0_i0/blast_module_v6_cordic_ddc_cordic_v6_0_i0.xci</spirit:name>
        <spirit:userFileType>xci</spirit:userFileType>
      </spirit:file>
      <spirit:file>
        <spirit:name>blast_module_v6_cordic_ddc_dist_mem_gen_i0/blast_module_v6_cordic_ddc_dist_mem_gen_i0.xci</spirit:name>
        <spirit:userFileType>xci</spirit:userFileType>
      </spirit:file>
      <spirit:file>
        <spirit:name>blast_module_v6_cordic_ddc_dist_mem_gen_i1/blast_module_v6_cordic_ddc_dist_mem_gen_i1.xci</spirit:name>
        <spirit:userFileType>xci</spirit:userFileType>
      </spirit:file>
      <spirit:file>
        <spirit:name>blast_module_v6_cordic_ddc_dist_mem_gen_i2/blast_module_v6_cordic_ddc_dist_mem_gen_i2.xci</spirit:name>
        <spirit:userFileType>xci</spirit:userFileType>
      </spirit:file>
      <spirit:file>
        <spirit:name>blast_module_v6_cordic_ddc_dist_mem_gen_i3/blast_module_v6_cordic_ddc_dist_mem_gen_i3.xci</spirit:name>
        <spirit:userFileType>xci</spirit:userFileType>
      </spirit:file>
      <spirit:file>
        <spirit:name>constrs/blast_module_v6_cordic_ddc.xdc</spirit:name>
        <spirit:userFileType>xdc</spirit:userFileType>
      </spirit:file>
      <spirit:file>
        <spirit:name>blast_module_v6_cordic_ddc_dist_mem_gen_i0_vivado.coe</spirit:name>
        <spirit:userFileType>coe</spirit:userFileType>
      </spirit:file>
      <spirit:file>
        <spirit:name>blast_module_v6_cordic_ddc_dist_mem_gen_i1_vivado.coe</spirit:name>
        <spirit:userFileType>coe</spirit:userFileType>
      </spirit:file>
      <spirit:file>
        <spirit:name>blast_module_v6_cordic_ddc_dist_mem_gen_i2_vivado.coe</spirit:name>
        <spirit:userFileType>coe</spirit:userFileType>
      </spirit:file>
      <spirit:file>
        <spirit:name>blast_module_v6_cordic_ddc_dist_mem_gen_i3_vivado.coe</spirit:name>
        <spirit:userFileType>coe</spirit:userFileType>
      </spirit:file>
      <spirit:file>
        <spirit:name>xpm_effb0c_vivado.mem</spirit:name>
        <spirit:userFileType>mem</spirit:userFileType>
      </spirit:file>
      <spirit:file>
        <spirit:name>xpm_98f453_vivado.mem</spirit:name>
        <spirit:userFileType>mem</spirit:userFileType>
      </spirit:file>
      <spirit:file>
        <spirit:name>xpm_cb2434_vivado.mem</spirit:name>
        <spirit:userFileType>mem</spirit:userFileType>
      </spirit:file>
      <spirit:file>
        <spirit:name>xpm_45185a_vivado.mem</spirit:name>
        <spirit:userFileType>mem</spirit:userFileType>
      </spirit:file>
      <spirit:file>
        <spirit:name>xpm_154457_vivado.mem</spirit:name>
        <spirit:userFileType>mem</spirit:userFileType>
      </spirit:file>
      <spirit:file>
        <spirit:name>xpm_f0602d_vivado.mem</spirit:name>
        <spirit:userFileType>mem</spirit:userFileType>
      </spirit:file>
      <spirit:file>
        <spirit:name>xpm_f7f5fd_vivado.mem</spirit:name>
        <spirit:userFileType>mem</spirit:userFileType>
      </spirit:file>
      <spirit:file>
        <spirit:name>xpm_a54c85_vivado.mem</spirit:name>
        <spirit:userFileType>mem</spirit:userFileType>
      </spirit:file>
      <spirit:file>
        <spirit:name>xpm_8739c2_vivado.mem</spirit:name>
        <spirit:userFileType>mem</spirit:userFileType>
      </spirit:file>
      <spirit:file>
        <spirit:name>xpm_f6cc85_vivado.mem</spirit:name>
        <spirit:userFileType>mem</spirit:userFileType>
      </spirit:file>
      <spirit:file>
        <spirit:name>xpm_b42cce_vivado.mem</spirit:name>
        <spirit:userFileType>mem</spirit:userFileType>
      </spirit:file>
      <spirit:file>
        <spirit:name>xpm_f133f0_vivado.mem</spirit:name>
        <spirit:userFileType>mem</spirit:userFileType>
      </spirit:file>
      <spirit:file>
        <spirit:name>xpm_65b62b_vivado.mem</spirit:name>
        <spirit:userFileType>mem</spirit:userFileType>
      </spirit:file>
      <spirit:file>
        <spirit:name>xpm_3dec81_vivado.mem</spirit:name>
        <spirit:userFileType>mem</spirit:userFileType>
      </spirit:file>
      <spirit:file>
        <spirit:name>xpm_9c9994_vivado.mem</spirit:name>
        <spirit:userFileType>mem</spirit:userFileType>
      </spirit:file>
      <spirit:file>
        <spirit:name>xpm_d7858d_vivado.mem</spirit:name>
        <spirit:userFileType>mem</spirit:userFileType>
      </spirit:file>
      <spirit:file>
        <spirit:name>xpm_5aee90_vivado.mem</spirit:name>
        <spirit:userFileType>mem</spirit:userFileType>
      </spirit:file>
      <spirit:file>
        <spirit:name>xpm_c30a66_vivado.mem</spirit:name>
        <spirit:userFileType>mem</spirit:userFileType>
      </spirit:file>
      <spirit:file>
        <spirit:name>xpm_25902f_vivado.mem</spirit:name>
        <spirit:userFileType>mem</spirit:userFileType>
      </spirit:file>
      <spirit:file>
        <spirit:name>xpm_f5fed5_vivado.mem</spirit:name>
        <spirit:userFileType>mem</spirit:userFileType>
      </spirit:file>
      <spirit:file>
        <spirit:name>hdl/conv_pkg.vhd</spirit:name>
        <spirit:fileType>vhdlSource</spirit:fileType>
        <spirit:logicalName>xil_defaultlib</spirit:logicalName>
      </spirit:file>
      <spirit:file>
        <spirit:name>hdl/synth_reg.vhd</spirit:name>
        <spirit:fileType>vhdlSource</spirit:fileType>
        <spirit:logicalName>xil_defaultlib</spirit:logicalName>
      </spirit:file>
      <spirit:file>
        <spirit:name>hdl/synth_reg_w_init.vhd</spirit:name>
        <spirit:fileType>vhdlSource</spirit:fileType>
        <spirit:logicalName>xil_defaultlib</spirit:logicalName>
      </spirit:file>
      <spirit:file>
        <spirit:name>hdl/srl17e.vhd</spirit:name>
        <spirit:fileType>vhdlSource</spirit:fileType>
        <spirit:logicalName>xil_defaultlib</spirit:logicalName>
      </spirit:file>
      <spirit:file>
        <spirit:name>hdl/srl33e.vhd</spirit:name>
        <spirit:fileType>vhdlSource</spirit:fileType>
        <spirit:logicalName>xil_defaultlib</spirit:logicalName>
      </spirit:file>
      <spirit:file>
        <spirit:name>hdl/synth_reg_reg.vhd</spirit:name>
        <spirit:fileType>vhdlSource</spirit:fileType>
        <spirit:logicalName>xil_defaultlib</spirit:logicalName>
      </spirit:file>
      <spirit:file>
        <spirit:name>hdl/single_reg_w_init.vhd</spirit:name>
        <spirit:fileType>vhdlSource</spirit:fileType>
        <spirit:logicalName>xil_defaultlib</spirit:logicalName>
      </spirit:file>
      <spirit:file>
        <spirit:name>hdl/xlclockdriver_rd.vhd</spirit:name>
        <spirit:fileType>vhdlSource</spirit:fileType>
        <spirit:logicalName>xil_defaultlib</spirit:logicalName>
      </spirit:file>
      <spirit:file>
        <spirit:name>hdl/blast_module_v6_cordic_ddc_entity_declarations.vhd</spirit:name>
        <spirit:fileType>vhdlSource</spirit:fileType>
        <spirit:logicalName>xil_defaultlib</spirit:logicalName>
      </spirit:file>
      <spirit:file>
        <spirit:name>hdl/blast_module_v6_cordic_ddc.vhd</spirit:name>
        <spirit:fileType>vhdlSource</spirit:fileType>
        <spirit:userFileType>CHECKSUM_511a0acc</spirit:userFileType>
        <spirit:logicalName>xil_defaultlib</spirit:logicalName>
      </spirit:file>
    </spirit:fileSet>
    <spirit:fileSet>
      <spirit:name>xilinx_vhdlbehavioralsimulation_view_fileset</spirit:name>
      <spirit:file>
        <spirit:name>blast_module_v6_cordic_ddc_c_addsub_v12_0_i0/blast_module_v6_cordic_ddc_c_addsub_v12_0_i0.xci</spirit:name>
        <spirit:userFileType>xci</spirit:userFileType>
      </spirit:file>
      <spirit:file>
        <spirit:name>blast_module_v6_cordic_ddc_c_addsub_v12_0_i1/blast_module_v6_cordic_ddc_c_addsub_v12_0_i1.xci</spirit:name>
        <spirit:userFileType>xci</spirit:userFileType>
      </spirit:file>
      <spirit:file>
        <spirit:name>blast_module_v6_cordic_ddc_c_addsub_v12_0_i2/blast_module_v6_cordic_ddc_c_addsub_v12_0_i2.xci</spirit:name>
        <spirit:userFileType>xci</spirit:userFileType>
      </spirit:file>
      <spirit:file>
        <spirit:name>blast_module_v6_cordic_ddc_c_counter_binary_v12_0_i0/blast_module_v6_cordic_ddc_c_counter_binary_v12_0_i0.xci</spirit:name>
        <spirit:userFileType>xci</spirit:userFileType>
      </spirit:file>
      <spirit:file>
        <spirit:name>blast_module_v6_cordic_ddc_c_counter_binary_v12_0_i1/blast_module_v6_cordic_ddc_c_counter_binary_v12_0_i1.xci</spirit:name>
        <spirit:userFileType>xci</spirit:userFileType>
      </spirit:file>
      <spirit:file>
        <spirit:name>blast_module_v6_cordic_ddc_c_counter_binary_v12_0_i10/blast_module_v6_cordic_ddc_c_counter_binary_v12_0_i10.xci</spirit:name>
        <spirit:userFileType>xci</spirit:userFileType>
      </spirit:file>
      <spirit:file>
        <spirit:name>blast_module_v6_cordic_ddc_c_counter_binary_v12_0_i11/blast_module_v6_cordic_ddc_c_counter_binary_v12_0_i11.xci</spirit:name>
        <spirit:userFileType>xci</spirit:userFileType>
      </spirit:file>
      <spirit:file>
        <spirit:name>blast_module_v6_cordic_ddc_c_counter_binary_v12_0_i12/blast_module_v6_cordic_ddc_c_counter_binary_v12_0_i12.xci</spirit:name>
        <spirit:userFileType>xci</spirit:userFileType>
      </spirit:file>
      <spirit:file>
        <spirit:name>blast_module_v6_cordic_ddc_c_counter_binary_v12_0_i13/blast_module_v6_cordic_ddc_c_counter_binary_v12_0_i13.xci</spirit:name>
        <spirit:userFileType>xci</spirit:userFileType>
      </spirit:file>
      <spirit:file>
        <spirit:name>blast_module_v6_cordic_ddc_c_counter_binary_v12_0_i14/blast_module_v6_cordic_ddc_c_counter_binary_v12_0_i14.xci</spirit:name>
        <spirit:userFileType>xci</spirit:userFileType>
      </spirit:file>
      <spirit:file>
        <spirit:name>blast_module_v6_cordic_ddc_c_counter_binary_v12_0_i15/blast_module_v6_cordic_ddc_c_counter_binary_v12_0_i15.xci</spirit:name>
        <spirit:userFileType>xci</spirit:userFileType>
      </spirit:file>
      <spirit:file>
        <spirit:name>blast_module_v6_cordic_ddc_c_counter_binary_v12_0_i16/blast_module_v6_cordic_ddc_c_counter_binary_v12_0_i16.xci</spirit:name>
        <spirit:userFileType>xci</spirit:userFileType>
      </spirit:file>
      <spirit:file>
        <spirit:name>blast_module_v6_cordic_ddc_c_counter_binary_v12_0_i2/blast_module_v6_cordic_ddc_c_counter_binary_v12_0_i2.xci</spirit:name>
        <spirit:userFileType>xci</spirit:userFileType>
      </spirit:file>
      <spirit:file>
        <spirit:name>blast_module_v6_cordic_ddc_c_counter_binary_v12_0_i3/blast_module_v6_cordic_ddc_c_counter_binary_v12_0_i3.xci</spirit:name>
        <spirit:userFileType>xci</spirit:userFileType>
      </spirit:file>
      <spirit:file>
        <spirit:name>blast_module_v6_cordic_ddc_c_counter_binary_v12_0_i4/blast_module_v6_cordic_ddc_c_counter_binary_v12_0_i4.xci</spirit:name>
        <spirit:userFileType>xci</spirit:userFileType>
      </spirit:file>
      <spirit:file>
        <spirit:name>blast_module_v6_cordic_ddc_c_counter_binary_v12_0_i5/blast_module_v6_cordic_ddc_c_counter_binary_v12_0_i5.xci</spirit:name>
        <spirit:userFileType>xci</spirit:userFileType>
      </spirit:file>
      <spirit:file>
        <spirit:name>blast_module_v6_cordic_ddc_c_counter_binary_v12_0_i6/blast_module_v6_cordic_ddc_c_counter_binary_v12_0_i6.xci</spirit:name>
        <spirit:userFileType>xci</spirit:userFileType>
      </spirit:file>
      <spirit:file>
        <spirit:name>blast_module_v6_cordic_ddc_c_counter_binary_v12_0_i7/blast_module_v6_cordic_ddc_c_counter_binary_v12_0_i7.xci</spirit:name>
        <spirit:userFileType>xci</spirit:userFileType>
      </spirit:file>
      <spirit:file>
        <spirit:name>blast_module_v6_cordic_ddc_c_counter_binary_v12_0_i8/blast_module_v6_cordic_ddc_c_counter_binary_v12_0_i8.xci</spirit:name>
        <spirit:userFileType>xci</spirit:userFileType>
      </spirit:file>
      <spirit:file>
        <spirit:name>blast_module_v6_cordic_ddc_c_counter_binary_v12_0_i9/blast_module_v6_cordic_ddc_c_counter_binary_v12_0_i9.xci</spirit:name>
        <spirit:userFileType>xci</spirit:userFileType>
      </spirit:file>
      <spirit:file>
        <spirit:name>blast_module_v6_cordic_ddc_cordic_v6_0_i0/blast_module_v6_cordic_ddc_cordic_v6_0_i0.xci</spirit:name>
        <spirit:userFileType>xci</spirit:userFileType>
      </spirit:file>
      <spirit:file>
        <spirit:name>blast_module_v6_cordic_ddc_dist_mem_gen_i0/blast_module_v6_cordic_ddc_dist_mem_gen_i0.xci</spirit:name>
        <spirit:userFileType>xci</spirit:userFileType>
      </spirit:file>
      <spirit:file>
        <spirit:name>blast_module_v6_cordic_ddc_dist_mem_gen_i1/blast_module_v6_cordic_ddc_dist_mem_gen_i1.xci</spirit:name>
        <spirit:userFileType>xci</spirit:userFileType>
      </spirit:file>
      <spirit:file>
        <spirit:name>blast_module_v6_cordic_ddc_dist_mem_gen_i2/blast_module_v6_cordic_ddc_dist_mem_gen_i2.xci</spirit:name>
        <spirit:userFileType>xci</spirit:userFileType>
      </spirit:file>
      <spirit:file>
        <spirit:name>blast_module_v6_cordic_ddc_dist_mem_gen_i3/blast_module_v6_cordic_ddc_dist_mem_gen_i3.xci</spirit:name>
        <spirit:userFileType>xci</spirit:userFileType>
      </spirit:file>
      <spirit:file>
        <spirit:name>blast_module_v6_cordic_ddc_dist_mem_gen_i0_vivado.coe</spirit:name>
        <spirit:userFileType>coe</spirit:userFileType>
      </spirit:file>
      <spirit:file>
        <spirit:name>blast_module_v6_cordic_ddc_dist_mem_gen_i1_vivado.coe</spirit:name>
        <spirit:userFileType>coe</spirit:userFileType>
      </spirit:file>
      <spirit:file>
        <spirit:name>blast_module_v6_cordic_ddc_dist_mem_gen_i2_vivado.coe</spirit:name>
        <spirit:userFileType>coe</spirit:userFileType>
      </spirit:file>
      <spirit:file>
        <spirit:name>blast_module_v6_cordic_ddc_dist_mem_gen_i3_vivado.coe</spirit:name>
        <spirit:userFileType>coe</spirit:userFileType>
      </spirit:file>
      <spirit:file>
        <spirit:name>xpm_effb0c_vivado.mem</spirit:name>
        <spirit:userFileType>mem</spirit:userFileType>
      </spirit:file>
      <spirit:file>
        <spirit:name>xpm_98f453_vivado.mem</spirit:name>
        <spirit:userFileType>mem</spirit:userFileType>
      </spirit:file>
      <spirit:file>
        <spirit:name>xpm_cb2434_vivado.mem</spirit:name>
        <spirit:userFileType>mem</spirit:userFileType>
      </spirit:file>
      <spirit:file>
        <spirit:name>xpm_45185a_vivado.mem</spirit:name>
        <spirit:userFileType>mem</spirit:userFileType>
      </spirit:file>
      <spirit:file>
        <spirit:name>xpm_154457_vivado.mem</spirit:name>
        <spirit:userFileType>mem</spirit:userFileType>
      </spirit:file>
      <spirit:file>
        <spirit:name>xpm_f0602d_vivado.mem</spirit:name>
        <spirit:userFileType>mem</spirit:userFileType>
      </spirit:file>
      <spirit:file>
        <spirit:name>xpm_f7f5fd_vivado.mem</spirit:name>
        <spirit:userFileType>mem</spirit:userFileType>
      </spirit:file>
      <spirit:file>
        <spirit:name>xpm_a54c85_vivado.mem</spirit:name>
        <spirit:userFileType>mem</spirit:userFileType>
      </spirit:file>
      <spirit:file>
        <spirit:name>xpm_8739c2_vivado.mem</spirit:name>
        <spirit:userFileType>mem</spirit:userFileType>
      </spirit:file>
      <spirit:file>
        <spirit:name>xpm_f6cc85_vivado.mem</spirit:name>
        <spirit:userFileType>mem</spirit:userFileType>
      </spirit:file>
      <spirit:file>
        <spirit:name>xpm_b42cce_vivado.mem</spirit:name>
        <spirit:userFileType>mem</spirit:userFileType>
      </spirit:file>
      <spirit:file>
        <spirit:name>xpm_f133f0_vivado.mem</spirit:name>
        <spirit:userFileType>mem</spirit:userFileType>
      </spirit:file>
      <spirit:file>
        <spirit:name>xpm_65b62b_vivado.mem</spirit:name>
        <spirit:userFileType>mem</spirit:userFileType>
      </spirit:file>
      <spirit:file>
        <spirit:name>xpm_3dec81_vivado.mem</spirit:name>
        <spirit:userFileType>mem</spirit:userFileType>
      </spirit:file>
      <spirit:file>
        <spirit:name>xpm_9c9994_vivado.mem</spirit:name>
        <spirit:userFileType>mem</spirit:userFileType>
      </spirit:file>
      <spirit:file>
        <spirit:name>xpm_d7858d_vivado.mem</spirit:name>
        <spirit:userFileType>mem</spirit:userFileType>
      </spirit:file>
      <spirit:file>
        <spirit:name>xpm_5aee90_vivado.mem</spirit:name>
        <spirit:userFileType>mem</spirit:userFileType>
      </spirit:file>
      <spirit:file>
        <spirit:name>xpm_c30a66_vivado.mem</spirit:name>
        <spirit:userFileType>mem</spirit:userFileType>
      </spirit:file>
      <spirit:file>
        <spirit:name>xpm_25902f_vivado.mem</spirit:name>
        <spirit:userFileType>mem</spirit:userFileType>
      </spirit:file>
      <spirit:file>
        <spirit:name>xpm_f5fed5_vivado.mem</spirit:name>
        <spirit:userFileType>mem</spirit:userFileType>
      </spirit:file>
      <spirit:file>
        <spirit:name>hdl/conv_pkg.vhd</spirit:name>
        <spirit:fileType>vhdlSource</spirit:fileType>
        <spirit:userFileType>USED_IN_ipstatic</spirit:userFileType>
        <spirit:logicalName>xil_defaultlib</spirit:logicalName>
      </spirit:file>
      <spirit:file>
        <spirit:name>hdl/synth_reg.vhd</spirit:name>
        <spirit:fileType>vhdlSource</spirit:fileType>
        <spirit:userFileType>USED_IN_ipstatic</spirit:userFileType>
        <spirit:logicalName>xil_defaultlib</spirit:logicalName>
      </spirit:file>
      <spirit:file>
        <spirit:name>hdl/synth_reg_w_init.vhd</spirit:name>
        <spirit:fileType>vhdlSource</spirit:fileType>
        <spirit:userFileType>USED_IN_ipstatic</spirit:userFileType>
        <spirit:logicalName>xil_defaultlib</spirit:logicalName>
      </spirit:file>
      <spirit:file>
        <spirit:name>hdl/srl17e.vhd</spirit:name>
        <spirit:fileType>vhdlSource</spirit:fileType>
        <spirit:userFileType>USED_IN_ipstatic</spirit:userFileType>
        <spirit:logicalName>xil_defaultlib</spirit:logicalName>
      </spirit:file>
      <spirit:file>
        <spirit:name>hdl/srl33e.vhd</spirit:name>
        <spirit:fileType>vhdlSource</spirit:fileType>
        <spirit:userFileType>USED_IN_ipstatic</spirit:userFileType>
        <spirit:logicalName>xil_defaultlib</spirit:logicalName>
      </spirit:file>
      <spirit:file>
        <spirit:name>hdl/synth_reg_reg.vhd</spirit:name>
        <spirit:fileType>vhdlSource</spirit:fileType>
        <spirit:userFileType>USED_IN_ipstatic</spirit:userFileType>
        <spirit:logicalName>xil_defaultlib</spirit:logicalName>
      </spirit:file>
      <spirit:file>
        <spirit:name>hdl/single_reg_w_init.vhd</spirit:name>
        <spirit:fileType>vhdlSource</spirit:fileType>
        <spirit:userFileType>USED_IN_ipstatic</spirit:userFileType>
        <spirit:logicalName>xil_defaultlib</spirit:logicalName>
      </spirit:file>
      <spirit:file>
        <spirit:name>hdl/xlclockdriver_rd.vhd</spirit:name>
        <spirit:fileType>vhdlSource</spirit:fileType>
        <spirit:userFileType>USED_IN_ipstatic</spirit:userFileType>
        <spirit:logicalName>xil_defaultlib</spirit:logicalName>
      </spirit:file>
      <spirit:file>
        <spirit:name>hdl/blast_module_v6_cordic_ddc_entity_declarations.vhd</spirit:name>
        <spirit:fileType>vhdlSource</spirit:fileType>
        <spirit:userFileType>USED_IN_ipstatic</spirit:userFileType>
        <spirit:logicalName>xil_defaultlib</spirit:logicalName>
      </spirit:file>
      <spirit:file>
        <spirit:name>hdl/blast_module_v6_cordic_ddc.vhd</spirit:name>
        <spirit:fileType>vhdlSource</spirit:fileType>
        <spirit:userFileType>USED_IN_ipstatic</spirit:userFileType>
        <spirit:logicalName>xil_defaultlib</spirit:logicalName>
      </spirit:file>
    </spirit:fileSet>
    <spirit:fileSet>
      <spirit:name>xilinx_xpgui_view_fileset</spirit:name>
      <spirit:file>
        <spirit:name>xgui/blast_module_v6_cordic_ddc_v1_0.tcl</spirit:name>
        <spirit:fileType>tclSource</spirit:fileType>
        <spirit:userFileType>CHECKSUM_f92e9879</spirit:userFileType>
        <spirit:userFileType>XGUI_VERSION_2</spirit:userFileType>
      </spirit:file>
    </spirit:fileSet>
    <spirit:fileSet>
      <spirit:name>xilinx_utilityxitfiles_view_fileset</spirit:name>
      <spirit:file>
        <spirit:name>sysgen_icon_100.png</spirit:name>
        <spirit:userFileType>image</spirit:userFileType>
        <spirit:userFileType>LOGO</spirit:userFileType>
      </spirit:file>
    </spirit:fileSet>
  </spirit:fileSets>
  <spirit:description> This IP was generated from System Generator. All changes must be made in SysGen model.  </spirit:description>
  <spirit:parameters>
    <spirit:parameter>
      <spirit:name>Component_Name</spirit:name>
      <spirit:value spirit:resolve="user" spirit:id="PARAM_VALUE.Component_Name" spirit:order="1">blast_module_v6_cordic_ddc_v1_0</spirit:value>
    </spirit:parameter>
  </spirit:parameters>
  <spirit:vendorExtensions>
    <xilinx:coreExtensions>
      <xilinx:supportedFamilies>
        <xilinx:family xilinx:lifeCycle="Beta">zynquplus</xilinx:family>
      </xilinx:supportedFamilies>
      <xilinx:taxonomies>
        <xilinx:taxonomy>/System_Generator_for_DSP</xilinx:taxonomy>
      </xilinx:taxonomies>
      <xilinx:displayName>blast_module_v6_cordic_ddc</xilinx:displayName>
      <xilinx:definitionSource>sysgen</xilinx:definitionSource>
      <xilinx:xpmLibraries>
        <xilinx:xpmLibrary>XPM_MEMORY</xilinx:xpmLibrary>
        <xilinx:xpmLibrary>XPM_FIFO</xilinx:xpmLibrary>
        <xilinx:xpmLibrary>XPM_CDC</xilinx:xpmLibrary>
      </xilinx:xpmLibraries>
      <xilinx:coreRevision>315758935</xilinx:coreRevision>
      <xilinx:coreCreationDateTime>2023-05-23T21:49:16Z</xilinx:coreCreationDateTime>
    </xilinx:coreExtensions>
    <xilinx:packagingInfo>
      <xilinx:xilinxVersion>2021.1</xilinx:xilinxVersion>
    </xilinx:packagingInfo>
  </spirit:vendorExtensions>
</spirit:component>
